Id	Name	Longitude	Latitude	Depth	RecentDate	OldestDate	Archive	DataType	Reference	DOI
1	EDC	123.35	-75.1	22418.496	0.12	11.99	Ice	MAR + Size	Delmonte et al., 2004	
2	Vostok-BH7	106.8	-78.47	16953.076	3.64	10.08	Ice	MAR + Size	Delmonte et al., 2004	10.1029/2002JD003280
3	GISP2	-37.629999999999995	72.58	106288.232	0.17	11.98	Ice	MAR	Mayewski et al., 1997	10.1029/96JC0336510.1029/2002JD003281
4	EN06601-0038PG	-20.49799999999999	4.918	8.188	2.34	10.93	Ocean	MAR	Francois et al., 1990	10.1029/PA005i005p0076110.1029/2002JD0032824
5	EN06601-0021PG	-20.625	4.233	9.896	0.93	11.01	Ocean	MAR	Francois et al., 1990	10.1029/PA005i005p0076210.1029/2002JD0032834
6	EN06601-0029PG	-19.762	2.46	9.844	1.64	11.45	Ocean	MAR	Francois et al., 1990	10.1029/PA005i005p0076310.1029/2002JD0032844
7	RC24-12	-11.416999999999973	-3.01	37.667	1.79	11.91	Ocean	MAR	Bradtmiller et al., 2006	10.1029/2006PA00128210.1029/2002JD0032854
8	RC24-07	-11.916999999999973	-1.333	26.6	1.89	10.83	Ocean	MAR	Bradtmiller et al., 2006	10.1029/2006PA00128310.1029/2002JD0032864
9	RC24-01	-13.649999999999977	0.55	13.9	4.41	11.6	Ocean	MAR	Bradtmiller et al., 2006	10.1029/2006PA00128410.1029/2002JD0032874
10	V22-182	-17.269999999999982	-0.53	21.1	0.87	11.01	Ocean	MAR	Bradtmiller et al., 2006	10.1029/2006PA00128510.1029/2002JD0032884
11	V30-40	-23.149999999999977	-0.2	15.125	1.52	10.97	Ocean	MAR	Bradtmiller et al., 2006	10.1029/2006PA00128610.1029/2002JD0032894
12	OC437-07-GC27	-10.629999999999995	30.88	30.5	0.53	11.27	Ocean	MAR + Size	McGee et al., 2013	10.1016/j.epsl.2013.03.05410.1029/2002JD0032904
13	OC437-07-GC37	-15.117999999999995	26.816	30.5	1.53	11.23	Ocean	MAR + Size	McGee et al., 2013	10.1016/j.epsl.2013.03.05510.1029/2002JD0032914
14	OC437-07-GC49	-17.853999999999985	23.206	33.071	0.55	11.71	Ocean	MAR + Size	McGee et al., 2013	10.1016/j.epsl.2013.03.05610.1029/2002JD0032924
15	OC437-07-GC66	-17.860000000000014	19.944	109.689	0.36	11.95	Ocean	MAR + Size	McGee et al., 2013	10.1016/j.epsl.2013.03.05710.1029/2002JD0032934
16	OC437-07-GC68	-17.281999999999982	19.363	38.868	1.92	11.95	Ocean	MAR + Size	McGee et al., 2013	10.1016/j.epsl.2013.03.05810.1029/2002JD0032944
17	PS2498-1	-14.819999999999993	-44.25	32.477	2.5	11.85	Ocean	MAR	Anderson et al., 2014	10.1098/rsta.2013.005410.1029/2002JD0032954
18	RC27-42	59.8	16.5	25.4	5.0	11.6	Ocean	MAR	Pourmand et al., 2007	10.1029/2007PA00150210.1029/2002JD0032964
19	93KL	64.22	23.58	41.667	1.6	11.83	Ocean	MAR	Pourmand et al., 2004	10.1016/S0012?821X(04)00109?810.1029/2002JD0032974
20	ODP138-848B-1H-1	-111.0	-3	11.0	0.0	12.0	Ocean	MAR	McGee et al., 2007	10.1016/j.epsl.2007.02.03310.1029/2002JD0032983
21	ODP138-849A-1H-1	-111.0	0	16.0	0.0	10.0	Ocean	MAR	McGee et al., 2007	10.1016/j.epsl.2007.02.03410.1029/2002JD0032991
22	ODP138-850A-1H-1	-111.0	1	11.0	0.0	10.0	Ocean	MAR	McGee et al., 2007	10.1016/j.epsl.2007.02.03510.1029/2002JD0033003
23	ODP138-851E-1H-1	-111.0	3	11.0	0.0	10.0	Ocean	MAR	McGee et al., 2007	10.1016/j.epsl.2007.02.03610.1029/2002JD0033013
24	ODP138-852A-1H-1	-110.0	5	8.5	0.0	12.0	Ocean	MAR	McGee et al., 2007	10.1016/j.epsl.2007.02.03710.1029/2002JD0033023
25	ODP138-853B-1H-1	-110.0	7	5.5	0.0	12.0	Ocean	MAR	McGee et al., 2007	10.1016/j.epsl.2007.02.03810.1029/2002JD0033032
26	TT013-PC72	-140.0	0	16.3	5.0	11.465	Ocean	MAR	Anderson et al., 2006	10.1016/j.epsl.2005.11.06110.1029/2002JD0033042
27	TT013-MC27	-140.0	-3	10.0	2.6	10.5	Ocean	MAR	Anderson et al., 2006	10.1016/j.epsl.2005.11.06210.1029/2002JD0033052
28	TT013-MC69	-140.0	2	11.438	4.0	11.68	Ocean	MAR	Anderson et al., 2006	10.1016/j.epsl.2005.11.06310.1029/1998JD1000672
29	TT013-MC97	-140.0	0	5.8	6.37	10.53	Ocean	MAR	Anderson et al., 2006	10.1016/j.epsl.2005.11.06410.1029/1998JD1000682
30	TT013-MC19	-140.0	-1.8	9.292	4.61	11.02	Ocean	MAR	Anderson et al., 2006	10.1016/j.epsl.2005.11.06510.1029/1998JD1000692
31	V28-203	-179.42	0.95	11.0	0.25	9.04	Ocean	MAR	Bradtmiller et al., 2007	10.1029/2007PA00144310.1029/1998JD1000702
32	V21-146	163.0	38	13.5	0.0	12.0	Ocean	MAR + Size	Hovan et al., 1991	10.1029/91PA0055910.1029/1998JD1000712
33	SO-14-08-05	118.38	-16.35	11.0	2.68	11.7	Ocean	MAR	"Hesse and McTainsh, 2003; Fitzsimmons et
al., 2013"	10.1016/S0277-3791(03)00164-110.1029/1998JD1000722
34	E26.1	168.33	-40.28	9.25	4.47	10.58	Ocean	MAR + Size	Hesse, 1994; Fitzsimmons et al., 2013	10.1016/0277-3791(94)90029-910.1029/1998JD100073
35	Zagoskin_Lake	-162.1	63	181.667	5.59	9.03	Lake	MAR + Size	Muhs et al., 2003b	10.1016/S0033-5894(03)00062?010.1029/1998JD100074
36	Chitina	-144.38	61.54	483.729	1.227	10.786	Terrestrial	MAR + Size	Muhs et al., 2013	10.1029/1998JD100075
37	Duowa	102.63	35.65	323.75	2.49	10.19	Terrestrial	MAR	Roberts et al., 2001	10.1191/09596830167830291310.1029/1998JD100076
38	Jiuzhoutai	103.75	36.07	638.333	1.94	10.51	Terrestrial	MAR + Size	Kohfeld and Harrison, 2003	10.1016/S0277?3791(03)00166?510.1029/1998JD100077
39	Jingyuan	104.6	36.35	47.5	2.475	9.27	Terrestrial	MAR + Size	Sun et al., 2012	10.1038/NGEO132610.1029/1998JD100078
40	Beiguoyuan	107.28	36.62	178.333	3.62	7.38	Terrestrial	MAR + Size	Stevens and Lu, 2009	10.1111/j.1365-3091.2008.01004.x10.1029/1998JD100079
41	Xifeng	107.72	35.53	93.333	0.29	5.26	Terrestrial	MAR + Size	Stevens and Lu, 2009	10.1111/j.1365-3091.2008.01004.x10.1029/1998JD100080
42	Luochuan	109.42	35.75	141.429	1.69	11.71	Terrestrial	MAR	Lu et al., 2013	10.1130/G34488.110.1029/1998JD100081
43	Weinan	109.58	34.43	37.5	1.75	8.5	Terrestrial	MAR + Size	Kang et al., 2013	10.1029/1998JD100082
44	OWR	-101.42000000000002	40.5	230.5	0.0	8.425	Terrestrial	MAR + Size	Miao et al., 2007	10.1016/j.palaeo.2006.09.00410.1029/1998JD100083
45	LRC	-100.19	41.48	115.4	0.0	6.735	Terrestrial	MAR + Size	Miao et al., 2007	10.1016/j.palaeo.2006.09.00510.1029/1998JD100084
46	-	6	64.93	0	0	0	Iron from dust sample	Iron	Johansen and Hoffmann, (2003)	10.1029/1998JD100085
47	-	5.96	64.86	0	0	0	Iron from dust sample	Iron	Johansen and Hoffmann, (2003)	10.1029/1998JD100086
48	-	5.91	64.9	0	0	0	Iron from dust sample	Iron	Johansen and Hoffmann, (2003)	10.1029/1998JD100087
49	-	6.93	64.99	0	0	0	Iron from dust sample	Iron	Johansen and Hoffmann, (2003)	10.1029/1998JD100088
50	-	8.95	64.96	0	0	0	Iron from dust sample	Iron	Johansen and Hoffmann, (2003)	10.1029/1998JD100089
51	-	10.03	64.74	0	0	0	Iron from dust sample	Iron	Johansen and Hoffmann, (2003)	10.1029/1998JD100090
52	-	10.14	64.87	0	0	0	Iron from dust sample	Iron	Johansen and Hoffmann, (2003)	10.1029/1998JD100091
53	-	11.18	64.95	0	0	0	Iron from dust sample	Iron	Johansen and Hoffmann, (2003)	10.1029/1998JD100092
54	-	12.28	64.74	0	0	0	Iron from dust sample	Iron	Johansen and Hoffmann, (2003)	10.1029/1998JD100093
55	-	14.01	64.76	0	0	0	Iron from dust sample	Iron	Johansen and Hoffmann, (2003)	10.1029/1998JD100094
56	-	14.62	64.81	0	0	0	Iron from dust sample	Iron	Johansen and Hoffmann, (2003)	10.1029/1998JD100095
57	-	14.53	64.46	0	0	0	Iron from dust sample	Iron	Johansen and Hoffmann, (2003)	10.1029/1998JD100096
58	-	15.05	64.86	0	0	0	Iron from dust sample	Iron	Johansen and Hoffmann, (2003)	10.1029/1998JD100097
59	-	16.72	64.95	0	0	0	Iron from dust sample	Iron	Johansen and Hoffmann, (2003)	10.1029/1998JD100098
60	-	17.94	65	0	0	0	Iron from dust sample	Iron	Johansen and Hoffmann, (2003)	10.1029/1998JD100099
61	-	17.73	64.51	0	0	0	Iron from dust sample	Iron	Johansen and Hoffmann, (2003)	10.1029/1998JD100100
62	-	18.33	65.46	0	0	0	Iron from dust sample	Iron	Johansen and Hoffmann, (2003)	10.1029/1998JD100101
63	-	16.11	68.21	0	0	0	Iron from dust sample	Iron	Johansen and Hoffmann, (2003)	10.1016/j.marchem.2008.08.003
64	-	15.64	67.94	0	0	0	Iron from dust sample	Iron	Johansen and Hoffmann, (2003)	10.1016/j.marchem.2008.08.004
65	-	15.44	67.2	0	0	0	Iron from dust sample	Iron	Johansen and Hoffmann, (2003)	10.1016/j.marchem.2008.08.005
66	-	14.69	64.62	0	0	0	Iron from dust sample	Iron	Johansen and Hoffmann, (2003)	10.1016/j.marchem.2008.08.006
67	-	15.89	62.19	0	0	0	Iron from dust sample	Iron	Johansen and Hoffmann, (2003)	10.1016/j.marchem.2008.08.007
68	-	16.22	60.33	0	0	0	Iron from dust sample	Iron	Johansen and Hoffmann, (2003)	10.1016/j.marchem.2008.08.008
69	-	16.22	60.07	0	0	0	Iron from dust sample	Iron	Johansen and Hoffmann, (2003)	10.1016/j.marchem.2008.08.009
70	-	16.17	59.83	0	0	0	Iron from dust sample	Iron	Johansen and Hoffmann, (2003)	10.1016/j.marchem.2008.08.010
71	-	17.49	59.76	0	0	0	Iron from dust sample	Iron	Johansen and Hoffmann, (2003)	10.1016/j.marchem.2008.08.011
72	-	16.26	65	0	0	0	Iron from dust sample	Iron	Siefert et al 1999 JGR	10.1016/j.marchem.2008.08.012
73	-	18	65	0	0	0	Iron from dust sample	Iron	Siefert et al 1999 JGR	10.1016/j.marchem.2008.08.013
74	-	18.04	65	0	0	0	Iron from dust sample	Iron	Siefert et al 1999 JGR	10.1016/j.marchem.2008.08.014
75	-	18.09	65	0	0	0	Iron from dust sample	Iron	Siefert et al 1999 JGR	10.1016/j.marchem.2008.08.015
76	-	18.11	65	0	0	0	Iron from dust sample	Iron	Siefert et al 1999 JGR	10.1016/j.marchem.2008.08.016
77	-	18.13	65	0	0	0	Iron from dust sample	Iron	Siefert et al 1999 JGR	10.1016/j.marchem.2008.08.017
78	-	18.13	65	0	0	0	Iron from dust sample	Iron	Siefert et al 1999 JGR	10.1016/j.marchem.2008.08.018
79	-	18.13	65	0	0	0	Iron from dust sample	Iron	Siefert et al 1999 JGR	10.1016/j.marchem.2008.08.019
80	-	18.12	65	0	0	0	Iron from dust sample	Iron	Siefert et al 1999 JGR	10.1016/j.marchem.2008.08.020
81	-	18.09	65	0	0	0	Iron from dust sample	Iron	Siefert et al 1999 JGR	10.1016/j.marchem.2008.08.021
82	-	16.85	65	0	0	0	Iron from dust sample	Iron	Siefert et al 1999 JGR	10.1016/j.marchem.2008.08.022
83	-	14.29	65	0	0	0	Iron from dust sample	Iron	Siefert et al 1999 JGR	10.1016/j.marchem.2008.08.023
84	-	11.5	65	0	0	0	Iron from dust sample	Iron	Siefert et al 1999 JGR	10.1016/j.marchem.2008.08.024
85	-	10	65	0	0	0	Iron from dust sample	Iron	Siefert et al 1999 JGR	10.1016/j.marchem.2008.08.025
86	-	10.02	65	0	0	0	Iron from dust sample	Iron	Siefert et al 1999 JGR	10.1016/j.marchem.2008.08.026
87	-	10.03	65	0	0	0	Iron from dust sample	Iron	Siefert et al 1999 JGR	10.1016/j.marchem.2008.08.027
88	-	9.98	65	0	0	0	Iron from dust sample	Iron	Siefert et al 1999 JGR	10.1016/j.marchem.2008.08.028
89	-	1.51	65	0	0	0	Iron from dust sample	Iron	Siefert et al 1999 JGR	10.1016/j.marchem.2008.08.029
90	-	3.06	65	0	0	0	Iron from dust sample	Iron	Siefert et al 1999 JGR	10.1016/j.marchem.2008.08.030
91	-	6.04	65	0	0	0	Iron from dust sample	Iron	Siefert et al 1999 JGR	10.1016/j.marchem.2008.08.031
92	-	10	65	0	0	0	Iron from dust sample	Iron	Siefert et al 1999 JGR	10.1016/j.marchem.2008.08.032
93	-	14.48	64.7	0	0	0	Iron from dust sample	Iron	Siefert et al 1999 JGR	10.1016/j.marchem.2008.08.033
94	-	15.24	63.5	0	0	0	Iron from dust sample	Iron	Siefert et al 1999 JGR	10.1016/j.marchem.2008.08.034
95	-	16.08	62	0	0	0	Iron from dust sample	Iron	Siefert et al 1999 JGR	10.1016/j.marchem.2008.08.035
96	-	16.68	60.7	0	0	0	Iron from dust sample	Iron	Siefert et al 1999 JGR	10.1016/j.marchem.2008.08.036
97	-	17.13	59.8	0	0	0	Iron from dust sample	Iron	Siefert et al 1999 JGR	10.1016/j.marchem.2008.08.037
98	-	17.63	58.7	0	0	0	Iron from dust sample	Iron	Siefert et al 1999 JGR	10.1016/j.marchem.2008.08.038
99	-	18.4	57.5	0	0	0	Iron from dust sample	Iron	Siefert et al 1999 JGR	10.1016/j.marchem.2008.08.039
100	-	18.56	57.2	0	0	0	Iron from dust sample	Iron	Siefert et al 1999 JGR	10.1016/j.marchem.2008.08.040
101	-	18.41	57.3	0	0	0	Iron from dust sample	Iron	Siefert et al 1999 JGR	10.1016/j.marchem.2008.08.041
102	-	17.96	58.5	0	0	0	Iron from dust sample	Iron	Siefert et al 1999 JGR	10.1016/j.marchem.2008.08.042
103	-	17.43	59.6	0	0	0	Iron from dust sample	Iron	Siefert et al 1999 JGR	10.1016/j.marchem.2008.08.043
104	-	16.35	61	0	0	0	Iron from dust sample	Iron	Siefert et al 1999 JGR	10.1016/j.marchem.2008.08.044
105	-	16.16	61.5	0	0	0	Iron from dust sample	Iron	Siefert et al 1999 JGR	10.1016/j.marchem.2008.08.045
106	-	16.03	62	0	0	0	Iron from dust sample	Iron	Siefert et al 1999 JGR	10.1016/j.gca.2012.04.022
107	-	62.8	-20	0	0	0	Iron from dust sample	Iron	Buck et al,2010	10.1016/j.gca.2012.04.023
108	-	61	-20	0	0	0	Iron from dust sample	Iron	Buck et al,2010	10.1029/2006GL026557
109	-	59.1	-20	0	0	0	Iron from dust sample	Iron	Buck et al,2010	10.1029/2006GL026558
110	-	57	-20	0	0	0	Iron from dust sample	Iron	Buck et al,2010	10.1029/2006GL026559
111	-	54.5	-20	0	0	0	Iron from dust sample	Iron	Buck et al,2010	10.1029/2006GL026560
112	-	52.5	-20	0	0	0	Iron from dust sample	Iron	Buck et al,2010	10.1029/2006GL026561
113	-	50	-20	0	0	0	Iron from dust sample	Iron	Buck et al,2010	10.1029/2006GL026562
114	-	48.6	-20	0	0	0	Iron from dust sample	Iron	Buck et al,2010	10.1029/2006GL026563
115	-	47.1	-20	0	0	0	Iron from dust sample	Iron	Buck et al,2010	10.1029/2006GL026564
116	-	46	-20	0	0	0	Iron from dust sample	Iron	Buck et al,2010	10.1029/2006GL026565
117	-	44.5	-20	0	0	0	Iron from dust sample	Iron	Buck et al,2010	10.1029/2006GL026566
118	-	42	-20	0	0	0	Iron from dust sample	Iron	Buck et al,2010	10.1029/2006GL026567
119	-	40.5	-20	0	0	0	Iron from dust sample	Iron	Buck et al,2010	10.1029/2006GL026568
120	-	39	-20	0	0	0	Iron from dust sample	Iron	Buck et al,2010	10.1029/2006GL026569
121	-	37.5	-20	0	0	0	Iron from dust sample	Iron	Buck et al,2010	10.1029/2006GL026570
122	-	36	-20	0	0	0	Iron from dust sample	Iron	Buck et al,2010	10.1029/2006GL026571
123	-	34.2	-21	0	0	0	Iron from dust sample	Iron	Buck et al,2010	10.1029/2006GL026572
124	-	32.5	-22	0	0	0	Iron from dust sample	Iron	Buck et al,2010	10.1029/2006GL026573
125	-	31.1	-22.7	0	0	0	Iron from dust sample	Iron	Buck et al,2010	10.1029/2006GL026574
126	-	30.7	-21.7	0	0	0	Iron from dust sample	Iron	Buck et al,2010	10.1029/2006GL026575
127	-	30.9	-21.1	0	0	0	Iron from dust sample	Iron	Buck et al,2010	10.1029/2006GL026576
128	-	29.1	-23.9	0	0	0	Iron from dust sample	Iron	Buck et al,2010	10.1029/2006GL026577
129	-	27.5	-24.8	0	0	0	Iron from dust sample	Iron	Buck et al,2010	10.1029/2006GL026578
130	-	26	-25.6	0	0	0	Iron from dust sample	Iron	Buck et al,2010	10.1029/2006GL026579
131	-	24.4	-27.3	0	0	0	Iron from dust sample	Iron	Buck et al,2010	10.1029/2006GL026580
132	-	23	-28.4	0	0	0	Iron from dust sample	Iron	Buck et al,2010	10.1029/2006GL026581
133	-	21.1	-29	0	0	0	Iron from dust sample	Iron	Buck et al,2010	10.1029/2006GL026582
134	-	19.5	-29	0	0	0	Iron from dust sample	Iron	Buck et al,2010	10.1029/2006GL026583
135	-	18	-29	0	0	0	Iron from dust sample	Iron	Buck et al,2010	10.1029/2006GL026584
136	-	16.3	-29	0	0	0	Iron from dust sample	Iron	Buck et al,2010	10.1016/j.marchem.2005.06.004
137	-	15	-29	0	0	0	Iron from dust sample	Iron	Buck et al,2010	10.1016/j.marchem.2005.06.005
138	-	13.4	-29	0	0	0	Iron from dust sample	Iron	Buck et al,2010	10.1016/j.marchem.2005.06.006
139	-	11.7	-29	0	0	0	Iron from dust sample	Iron	Buck et al,2010	10.1016/j.marchem.2005.06.007
140	-	10	-28.5	0	0	0	Iron from dust sample	Iron	Buck et al,2010	10.1016/j.marchem.2005.06.008
141	-	8.7	-27.8	0	0	0	Iron from dust sample	Iron	Buck et al,2010	10.1016/j.marchem.2005.06.009
142	-	7.5	-27.2	0	0	0	Iron from dust sample	Iron	Buck et al,2010	10.1016/j.marchem.2005.06.010
143	-	5.7	-26.3	0	0	0	Iron from dust sample	Iron	Buck et al,2010	10.1016/j.marchem.2005.06.011
144	-	4	-25.5	0	0	0	Iron from dust sample	Iron	Buck et al,2010	10.1016/j.marchem.2005.06.012
145	-	2.3	-25	0	0	0	Iron from dust sample	Iron	Buck et al,2010	10.1016/j.marchem.2005.06.013
146	-	1	-25	0	0	0	Iron from dust sample	Iron	Buck et al,2010	10.1016/j.marchem.2005.06.014
147	-	-0.4	-25	0	0	0	Iron from dust sample	Iron	Buck et al,2010	10.1016/j.marchem.2005.06.015
148	-	-2	-25	0	0	0	Iron from dust sample	Iron	Buck et al,2010	10.1016/j.marchem.2005.06.016
149	-	-3	-25	0	0	0	Iron from dust sample	Iron	Buck et al,2010	10.1016/j.marchem.2005.06.017
150	-	32.2	-64.45	0	0	0	Iron from dust sample	Iron	Sholkovitz et al., 2012	10.1016/j.marchem.2005.06.018
151	-	13.17	59.43	0	0	0	Iron from dust sample	Iron	Sholkovitz et al., 2012	10.1016/j.marchem.2005.06.019
152	-	10.8	-56.2	0	0	0	Iron from dust sample	Iron	Baker,2006 GRL	10.1016/j.marchem.2005.06.020
153	-	10.3	-52.6	0	0	0	Iron from dust sample	Iron	Baker,2006 GRL	10.1016/j.marchem.2005.06.021
154	-	10	-49.7	0	0	0	Iron from dust sample	Iron	Baker,2006 GRL	10.1016/j.marchem.2005.06.022
155	-	10	-46.4	0	0	0	Iron from dust sample	Iron	Baker,2006 GRL	10.1016/j.marchem.2005.06.023
156	-	10	-43.3	0	0	0	Iron from dust sample	Iron	Baker,2006 GRL	10.1016/j.marchem.2005.06.024
157	-	10	-40.3	0	0	0	Iron from dust sample	Iron	Baker,2006 GRL	10.1016/j.marchem.2005.06.025
158	-	10	-37.6	0	0	0	Iron from dust sample	Iron	Baker,2006 GRL	10.1016/j.marchem.2005.06.026
159	-	10	-34.8	0	0	0	Iron from dust sample	Iron	Baker,2006 GRL	10.1016/j.marchem.2005.06.027
160	-	10	-31.8	0	0	0	Iron from dust sample	Iron	Baker,2006 GRL	
161	-	10	-28.9	0	0	0	Iron from dust sample	Iron	Baker,2006 GRL	10.1029/2003JD003958
162	-	8.5	-26.9	0	0	0	Iron from dust sample	Iron	Baker,2006 GRL	10.1029/2003JD003959
163	-	5	-26.3	0	0	0	Iron from dust sample	Iron	Baker,2006 GRL	10.1029/2003JD003960
164	-	1.6	-26.1	0	0	0	Iron from dust sample	Iron	Baker,2006 GRL	10.1029/2003JD003961
165	-	0	-24.7	0	0	0	Iron from dust sample	Iron	Baker,2006 GRL	10.1029/2003JD003962
166	-	1	-23.5	0	0	0	Iron from dust sample	Iron	Baker,2006 GRL	10.1029/2003JD003963
167	-	7.2	-24.4	0	0	0	Iron from dust sample	Iron	Baker,2006 GRL	10.1029/2003JD003964
168	-	9.5	-24.7	0	0	0	Iron from dust sample	Iron	Baker,2006 GRL	10.1029/2003JD003965
169	-	10.8	-23.2	0	0	0	Iron from dust sample	Iron	Baker,2006 GRL	10.1029/2003JD003966
170	-	11.3	-20.2	0	0	0	Iron from dust sample	Iron	Baker,2006 GRL	10.1029/2003JD003967
171	-	11.1	-17.7	0	0	0	Iron from dust sample	Iron	Baker,2006 GRL	10.1029/2003JD003968
172	-	10.8	-18	0	0	0	Iron from dust sample	Iron	Baker,2006 GRL	10.1029/2003JD003969
173	-	11	-19.7	0	0	0	Iron from dust sample	Iron	Baker,2006 GRL	10.1029/2003JD003970
174	-	10.2	-19.7	0	0	0	Iron from dust sample	Iron	Baker,2006 GRL	10.1029/2003JD003971
175	-	8.2	-18	0	0	0	Iron from dust sample	Iron	Baker,2006 GRL	10.1029/2003JD003972
176	-	6.1	-15.4	0	0	0	Iron from dust sample	Iron	Baker,2006 GRL	10.1029/2003JD003973
177	-	4.7	-11.9	0	0	0	Iron from dust sample	Iron	Baker,2006 GRL	10.1029/2003JD003974
178	-	3.8	-8	0	0	0	Iron from dust sample	Iron	Baker,2006 GRL	10.1029/2003JD003975
179	-	3.6	-3.7	0	0	0	Iron from dust sample	Iron	Baker,2006 GRL	10.1029/2003JD003976
180	-	46.6	-7.9	0	0	0	Iron from dust sample	Iron	Baker,2006-Mar Chem	10.1029/2003JD003977
181	-	42	-11.3	0	0	0	Iron from dust sample	Iron	Baker,2006-Mar Chem	10.1029/2003JD003978
182	-	36.9	-14.5	0	0	0	Iron from dust sample	Iron	Baker,2006-Mar Chem	10.1029/2003JD003979
183	-	32.6	-16.1	0	0	0	Iron from dust sample	Iron	Baker,2006-Mar Chem	10.1029/2003JD003980
184	-	27.8	-17.5	0	0	0	Iron from dust sample	Iron	Baker,2006-Mar Chem	10.1029/2003JD003981
185	-	22.7	-18.3	0	0	0	Iron from dust sample	Iron	Baker,2006-Mar Chem	10.1029/2003JD003982
186	-	18	-18.5	0	0	0	Iron from dust sample	Iron	Baker,2006-Mar Chem	10.1029/2003JD003983
187	-	13.1	-18.4	0	0	0	Iron from dust sample	Iron	Baker,2006-Mar Chem	10.1029/2003JD003984
188	-	3.5	-16.8	0	0	0	Iron from dust sample	Iron	Baker,2006-Mar Chem	10.1029/2003JD003985
189	-	-1.2	-15.8	0	0	0	Iron from dust sample	Iron	Baker,2006-Mar Chem	10.1029/2003JD003986
190	-	-5.8	-14.9	0	0	0	Iron from dust sample	Iron	Baker,2006-Mar Chem	10.1029/2003JD003987
191	-	-5.1	-13.4	0	0	0	Iron from dust sample	Iron	Baker,2006-Mar Chem	10.1029/2003JD003988
192	-	-10.9	-14	0	0	0	Iron from dust sample	Iron	Baker,2006-Mar Chem	10.1029/2003JD003989
193	-	-9.8	-17	0	0	0	Iron from dust sample	Iron	Baker,2006-Mar Chem	10.1029/2003JD003990
194	-	-13.8	-22.6	0	0	0	Iron from dust sample	Iron	Baker,2006-Mar Chem	10.1029/2003JD003991
195	-	-17.7	-28.1	0	0	0	Iron from dust sample	Iron	Baker,2006-Mar Chem	10.1029/2003JD003992
196	-	-20.7	-32.3	0	0	0	Iron from dust sample	Iron	Baker,2006-Mar Chem	10.1029/2003JD003993
197	-	-23.6	-36.6	0	0	0	Iron from dust sample	Iron	Baker,2006-Mar Chem	10.1029/2003JD003994
198	-	-25.7	-39.6	0	0	0	Iron from dust sample	Iron	Baker,2006-Mar Chem	10.1029/2003JD003995
199	-	-29.6	-45.6	0	0	0	Iron from dust sample	Iron	Baker,2006-Mar Chem	10.1029/2003JD003996
200	-	-32.7	-50.4	0	0	0	Iron from dust sample	Iron	Baker,2006-Mar Chem	10.1029/2003JD003997
201	-	-34.5	-53.4	0	0	0	Iron from dust sample	Iron	Baker,2006-Mar Chem	10.1029/2003JD003998
202	-	-38.7	-56.2	0	0	0	Iron from dust sample	Iron	Baker,2006-Mar Chem	10.1029/2003JD003999
203	-	-47.1	-57	0	0	0	Iron from dust sample	Iron	Baker,2006-Mar Chem	10.1029/2003JD004000
204	-	36.8	-27.7	0	0	0	Iron from dust sample	Iron	Herut,unpublished, from Mahowald,2009	10.1029/2003JD004001
205	-	27.8	-75.5	0	0	0	Iron from dust sample	Iron	Chen and Siefert,2004	10.1029/2003JD004002
206	-	28.1	-70.9	0	0	0	Iron from dust sample	Iron	Chen and Siefert,2004	10.1029/2003JD004003
207	-	28.4	-66.9	0	0	0	Iron from dust sample	Iron	Chen and Siefert,2004	10.1029/2003JD004004
208	-	28.6	-63.3	0	0	0	Iron from dust sample	Iron	Chen and Siefert,2004	10.1029/2003JD004005
209	-	29.2	-55.2	0	0	0	Iron from dust sample	Iron	Chen and Siefert,2004	10.1029/2003JD004006
210	-	29.5	-51.3	0	0	0	Iron from dust sample	Iron	Chen and Siefert,2004	10.1029/2003JD004007
211	-	29.9	-48.2	0	0	0	Iron from dust sample	Iron	Chen and Siefert,2004	10.1029/2003JD004008
212	-	29.6	-46.5	0	0	0	Iron from dust sample	Iron	Chen and Siefert,2004	10.1029/2003JD004009
213	-	27.8	-45	0	0	0	Iron from dust sample	Iron	Chen and Siefert,2004	10.1029/2003JD004010
214	-	25.3	-45	0	0	0	Iron from dust sample	Iron	Chen and Siefert,2004	10.1029/2003JD004011
215	-	21.5	-45	0	0	0	Iron from dust sample	Iron	Chen and Siefert,2004	10.1029/2003JD004012
216	-	16.8	-45	0	0	0	Iron from dust sample	Iron	Chen and Siefert,2004	10.1029/2003JD004013
217	-	13.2	-45	0	0	0	Iron from dust sample	Iron	Chen and Siefert,2004	10.1029/2003JD004014
218	-	10.2	-45.2	0	0	0	Iron from dust sample	Iron	Chen and Siefert,2004	10.1029/2003JD004015
219	-	10.2	-46.5	0	0	0	Iron from dust sample	Iron	Chen and Siefert,2004	10.1029/2003JD004016
220	-	10.5	-47.8	0	0	0	Iron from dust sample	Iron	Chen and Siefert,2004	10.1029/2003JD004017
221	-	10.5	-47.8	0	0	0	Iron from dust sample	Iron	Chen and Siefert,2004	10.1029/2003JD004018
222	-	10.5	-55.3	0	0	0	Iron from dust sample	Iron	Chen and Siefert,2004	10.1029/2003JD004019
223	-	10.1	-53.5	0	0	0	Iron from dust sample	Iron	Chen and Siefert,2004	10.1029/2003JD004020
224	-	9.2	-51.2	0	0	0	Iron from dust sample	Iron	Chen and Siefert,2004	10.1029/2003JD004021
225	-	9.2	-49.3	0	0	0	Iron from dust sample	Iron	Chen and Siefert,2004	10.1029/2003JD004022
226	-	9.4	-47.5	0	0	0	Iron from dust sample	Iron	Chen and Siefert,2004	10.1029/2003JD004023
227	-	7.4	-48.2	0	0	0	Iron from dust sample	Iron	Chen and Siefert,2004	10.1029/2003JD004024
228	-	6.3	-47.1	0	0	0	Iron from dust sample	Iron	Chen and Siefert,2004	10.1029/2003JD004025
229	-	7.2	-45.1	0	0	0	Iron from dust sample	Iron	Chen and Siefert,2004	10.1029/2003JD004026
230	-	7.2	-43	0	0	0	Iron from dust sample	Iron	Chen and Siefert,2004	10.1029/2003JD004027
231	-	8.6	-41.3	0	0	0	Iron from dust sample	Iron	Chen and Siefert,2004	10.1029/2003JD004028
232	-	9.3	-41.5	0	0	0	Iron from dust sample	Iron	Chen and Siefert,2004	10.1029/2003JD004029
233	-	10.9	-42.4	0	0	0	Iron from dust sample	Iron	Chen and Siefert,2004	10.1029/2003JD004030
234	-	10.1	-44.7	0	0	0	Iron from dust sample	Iron	Chen and Siefert,2004	10.1029/2003JD004031
235	-	9.8	-44.5	0	0	0	Iron from dust sample	Iron	Chen and Siefert,2004	10.1029/2003JD004032
236	-	10.6	-46.6	0	0	0	Iron from dust sample	Iron	Chen and Siefert,2004	10.1029/2003JD004033
237	-	9.4	-49.2	0	0	0	Iron from dust sample	Iron	Chen and Siefert,2004	10.1029/2003JD004034
238	-	9.1	-51.8	0	0	0	Iron from dust sample	Iron	Chen and Siefert,2004	10.1029/2003JD004035
239	-	9.4	-55.3	0	0	0	Iron from dust sample	Iron	Chen and Siefert,2004	10.1029/2003JD004036
240	-	10.9	-56.1	0	0	0	Iron from dust sample	Iron	Chen and Siefert,2004	10.1029/2003JD004037
241	-	11.3	-54.8	0	0	0	Iron from dust sample	Iron	Chen and Siefert,2004	10.1029/2003JD004038
242	-	29.2	-27.4	0	0	0	Iron from dust sample	Iron	Chen and Siefert,2004	10.1029/2003JD004039
243	-	29.3	-29.6	0	0	0	Iron from dust sample	Iron	Chen and Siefert,2004	10.1029/2003JD004040
244	-	29.4	-33.5	0	0	0	Iron from dust sample	Iron	Chen and Siefert,2004	10.1029/2003JD004041
245	-	29.5	-37.4	0	0	0	Iron from dust sample	Iron	Chen and Siefert,2004	10.1029/2003JD004042
246	-	29.5	-39.3	0	0	0	Iron from dust sample	Iron	Chen and Siefert,2004	10.1029/2003JD004043
247	-	29.6	-43.2	0	0	0	Iron from dust sample	Iron	Chen and Siefert,2004	10.1029/2003JD004044
248	-	29.6	-45	0	0	0	Iron from dust sample	Iron	Chen and Siefert,2004	10.1029/2003JD004045
249	-	25.5	-48.6	0	0	0	Iron from dust sample	Iron	Chen and Siefert,2004	10.1029/2003JD004046
250	-	22.6	-51.3	0	0	0	Iron from dust sample	Iron	Chen and Siefert,2004	10.1029/2003JD004047
251	-	16.3	-56.8	0	0	0	Iron from dust sample	Iron	Chen and Siefert,2004	10.1029/2003JD004048
252	-	11.8	-54.4	0	0	0	Iron from dust sample	Iron	Chen and Siefert,2004	10.1029/2003JD004049
253	-	11.8	-54.4	0	0	0	Iron from dust sample	Iron	Chen and Siefert,2004	10.1029/2003JD004050
254	-	10.4	-48.1	0	0	0	Iron from dust sample	Iron	Chen and Siefert,2004	10.1029/2003JD004051
255	-	10.4	-48.1	0	0	0	Iron from dust sample	Iron	Chen and Siefert,2004	10.1029/2003JD004052
256	-	10.4	-48.1	0	0	0	Iron from dust sample	Iron	Chen and Siefert,2004	10.1029/2003JD004053
257	-	9.8	-45.3	0	0	0	Iron from dust sample	Iron	Chen and Siefert,2004	10.1029/2003JD004054
258	-	10.1	-45.4	0	0	0	Iron from dust sample	Iron	Chen and Siefert,2004	10.1029/2003JD004055
259	-	10.2	-45.5	0	0	0	Iron from dust sample	Iron	Chen and Siefert,2004	10.1029/2003JD004056
260	-	11	-49.3	0	0	0	Iron from dust sample	Iron	Chen and Siefert,2004	10.1029/2003JD004057
261	-	11.6	-58.2	0	0	0	Iron from dust sample	Iron	Chen and Siefert,2004	10.1029/2003JD004058
262	-	10.3	-56.3	0	0	0	Iron from dust sample	Iron	Chen and Siefert,2004	10.1029/2003JD004059
263	-	10.2	-56.3	0	0	0	Iron from dust sample	Iron	Chen and Siefert,2004	10.1029/2003JD004060
264	-	10.2	-56.3	0	0	0	Iron from dust sample	Iron	Chen and Siefert,2004	10.1029/2003JD004061
265	-	11.9	-54.9	0	0	0	Iron from dust sample	Iron	Chen and Siefert,2004	
266	-	10.4	-53	0	0	0	Iron from dust sample	Iron	Chen and Siefert,2004	
267	-	8.7	-51	0	0	0	Iron from dust sample	Iron	Chen and Siefert,2004	
268	-	7.2	-48.5	0	0	0	Iron from dust sample	Iron	Chen and Siefert,2004	
269	-	5.7	-46.4	0	0	0	Iron from dust sample	Iron	Chen and Siefert,2004	
270	-	4.8	-43.9	0	0	0	Iron from dust sample	Iron	Chen and Siefert,2004	
271	-	3.8	-42.8	0	0	0	Iron from dust sample	Iron	Chen and Siefert,2004	
272	-	3.3	-44.2	0	0	0	Iron from dust sample	Iron	Chen and Siefert,2004	
273	-	3.9	-46.1	0	0	0	Iron from dust sample	Iron	Chen and Siefert,2004	
274	-	5.8	-48	0	0	0	Iron from dust sample	Iron	Chen and Siefert,2004	
275	-	6.2	-50.1	0	0	0	Iron from dust sample	Iron	Chen and Siefert,2004	
276	-	8.2	-52.8	0	0	0	Iron from dust sample	Iron	Chen and Siefert,2004	
277	-	10.5	-55	0	0	0	Iron from dust sample	Iron	Chen and Siefert,2004	
278	-	10.6	-55.8	0	0	0	Iron from dust sample	Iron	Chen and Siefert,2004	
279	-	12.5	-55	0	0	0	Iron from dust sample	Iron	Chen and Siefert,2004	
280	-	12.5	-54.1	0	0	0	Iron from dust sample	Iron	Chen and Siefert,2004	
281	-	11.4	-53.8	0	0	0	Iron from dust sample	Iron	Chen and Siefert,2004	
282	-	11.8	-54.6	0	0	0	Iron from dust sample	Iron	Chen and Siefert,2004	
283	-	12	-57.6	0	0	0	Iron from dust sample	Iron	Chen and Siefert,2004	
284	-	11.4	-55.5	0	0	0	Iron from dust sample	Iron	Chen and Siefert,2004	
285	-	11.1	-53.4	0	0	0	Iron from dust sample	Iron	Chen and Siefert,2004	
286	-	9.9	-52.1	0	0	0	Iron from dust sample	Iron	Chen and Siefert,2004	
287	-	7.9	-52	0	0	0	Iron from dust sample	Iron	Chen and Siefert,2004	
288	-	7	-51	0	0	0	Iron from dust sample	Iron	Chen and Siefert,2004	
289	-	7.7	-50.8	0	0	0	Iron from dust sample	Iron	Chen and Siefert,2004	10.1029/2005GC000977
290	-	9.1	-52.9	0	0	0	Iron from dust sample	Iron	Chen and Siefert,2004	10.1029/2005GC000978
291	-	10.5	-55.1	0	0	0	Iron from dust sample	Iron	Chen and Siefert,2004	10.1029/2005GC000979
292	-	12.1	-56.5	0	0	0	Iron from dust sample	Iron	Chen and Siefert,2004	10.1029/2005GC000980
293	-	11	-55.4	0	0	0	Iron from dust sample	Iron	Chen and Siefert,2004	10.1029/2005GC000981
294	-	9.4	-55.4	0	0	0	Iron from dust sample	Iron	Chen and Siefert,2004	10.1029/2005GC000982
295	-	8	-54.9	0	0	0	Iron from dust sample	Iron	Chen and Siefert,2004	10.1029/2005GC000983
296	-	8.5	-54.9	0	0	0	Iron from dust sample	Iron	Chen and Siefert,2004	10.1029/2005GC000984
297	-	10.8	-55.9	0	0	0	Iron from dust sample	Iron	Chen and Siefert,2004	10.1029/2005GC000985
298	-	12.1	-56.1	0	0	0	Iron from dust sample	Iron	Chen and Siefert,2004	10.1029/2005GC000986
299	-	11.8	-56.3	0	0	0	Iron from dust sample	Iron	Chen and Siefert,2004	10.1029/2005GC000987
300	-	11	-55.4	0	0	0	Iron from dust sample	Iron	Chen and Siefert,2004	10.1029/2005GC000988
301	-	10.7	-53.4	0	0	0	Iron from dust sample	Iron	Chen and Siefert,2004	10.1029/2005GC000989
302	-	10.6	-51.3	0	0	0	Iron from dust sample	Iron	Chen and Siefert,2004	10.1029/2005GC000990
303	-	10.5	-49.2	0	0	0	Iron from dust sample	Iron	Chen and Siefert,2004	10.1029/2005GC000991
304	-	8.1	-49.4	0	0	0	Iron from dust sample	Iron	Chen and Siefert,2004	10.1029/2005GC000992
305	-	8.1	-53	0	0	0	Iron from dust sample	Iron	Chen and Siefert,2004	10.1029/2005GC000993
306	-	9.1	-56.7	0	0	0	Iron from dust sample	Iron	Chen and Siefert,2004	10.1029/2005GC000994
307	-	10.3	-56.6	0	0	0	Iron from dust sample	Iron	Chen and Siefert,2004	10.1029/2005GC000995
308	-	10.8	-55.2	0	0	0	Iron from dust sample	Iron	Chen and Siefert,2004	10.1029/2005GC000996
309	-	51.7	2.4	0	0	0	Iron from dust sample	Iron	Losno et al., 1992	10.1029/2005GC000997
310	-	48.8	-3.5	0	0	0	Iron from dust sample	Iron	Losno et al., 1992	10.1029/2005GC000998
311	-	45.3	-10.7	0	0	0	Iron from dust sample	Iron	Losno et al., 1992	10.1029/2005GC000999
312	-	42.4	-15.7	0	0	0	Iron from dust sample	Iron	Losno et al., 1992	10.1029/2005GC001000
313	-	40.3	-19.3	0	0	0	Iron from dust sample	Iron	Losno et al., 1992	10.1029/2005GC001001
314	-	38.1	-23.7	0	0	0	Iron from dust sample	Iron	Losno et al., 1992	10.1029/2005GC001002
315	-	34.6	-27.3	0	0	0	Iron from dust sample	Iron	Losno et al., 1992	10.1029/2005GC001003
316	-	29.1	-29.2	0	0	0	Iron from dust sample	Iron	Losno et al., 1992	10.1029/2005GC001004
317	-	21.7	-30	0	0	0	Iron from dust sample	Iron	Losno et al., 1992	10.1029/2005GC001005
318	-	13.7	-30	0	0	0	Iron from dust sample	Iron	Losno et al., 1992	10.1029/2005GC001006
319	-	7.5	-30	0	0	0	Iron from dust sample	Iron	Losno et al., 1992	10.1029/2005GC001007
320	-	2.4	-30	0	0	0	Iron from dust sample	Iron	Losno et al., 1992	10.1029/2005GC001008
321	-	-2.9	-30	0	0	0	Iron from dust sample	Iron	Losno et al., 1992	10.1029/2005GC001009
322	-	-9.8	-30	0	0	0	Iron from dust sample	Iron	Losno et al., 1992	10.1029/2005GC001010
323	-	-17.2	-30	0	0	0	Iron from dust sample	Iron	Losno et al., 1992	10.1029/2005GC001011
324	-	-23.1	-30	0	0	0	Iron from dust sample	Iron	Losno et al., 1992	10.1029/2005GC001012
325	-	-29.2	-31.3	0	0	0	Iron from dust sample	Iron	Losno et al., 1992	10.1029/2005GC001013
326	-	-30.3	-35.1	0	0	0	Iron from dust sample	Iron	Losno et al., 1992	10.1029/2005GC001014
327	-	58.5	6.4	0	0	0	Iron from dust sample	Iron	Maenhaut et al,1997	10.1029/2005GC001015
328	-	58.2	8.2	0	0	0	Iron from dust sample	Iron	Maenhaut et al,1997	10.1029/2005GC001016
329	-	51.1	4.1	0	0	0	Iron from dust sample	Iron	Maenhaut et al,1997	10.1029/2005GC001017
330	-	51	3.4	0	0	0	Iron from dust sample	Iron	Maenhaut et al,1997	10.1029/2005GC001018
331	-	27	-140	0	0	0	Iron from dust sample	Iron	Wu et al., 2007	10.1029/2005GC001019
332	-	29	-69	0	0	0	Iron from dust sample	Iron	Wu et al., 2007	10.1029/2005GC001020
333	-	30.65	138.68	0	0	0	Iron from dust sample	Iron	Buck et al. GGG, 2006	10.1029/2005GC001021
334	-	29	140.75	0	0	0	Iron from dust sample	Iron	Buck et al. GGG, 2006	10.1029/2005GC001022
335	-	28.02	142.02	0	0	0	Iron from dust sample	Iron	Buck et al. GGG, 2006	10.1029/2005GC001023
336	-	29.98	143.49	0	0	0	Iron from dust sample	Iron	Buck et al. GGG, 2006	10.1029/2005GC001024
337	-	31.69	144.78	0	0	0	Iron from dust sample	Iron	Buck et al. GGG, 2006	10.1029/2005GC001025
338	-	34.13	146.67	0	0	0	Iron from dust sample	Iron	Buck et al. GGG, 2006	10.1029/2005GC001026
339	-	34.46	147.02	0	0	0	Iron from dust sample	Iron	Buck et al. GGG, 2006	10.1029/2005GC001027
340	-	34.44	146.69	0	0	0	Iron from dust sample	Iron	Buck et al. GGG, 2006	10.1029/2005GC001028
341	-	34.59	144.5	0	0	0	Iron from dust sample	Iron	Buck et al. GGG, 2006	10.1029/2005GC001029
342	-	35.88	141.85	0	0	0	Iron from dust sample	Iron	Buck et al. GGG, 2006	10.1029/2005GC001030
343	-	37.17	143.83	0	0	0	Iron from dust sample	Iron	Buck et al. GGG, 2006	10.1029/2005GC001031
344	-	38.49	145.9	0	0	0	Iron from dust sample	Iron	Buck et al. GGG, 2006	10.1029/2005GC001032
345	-	41.23	150.33	0	0	0	Iron from dust sample	Iron	Buck et al. GGG, 2006	10.1029/2005GC001033
346	-	44	155	0	0	0	Iron from dust sample	Iron	Buck et al. GGG, 2006	10.1029/2005GC001034
347	-	44	155	0	0	0	Iron from dust sample	Iron	Buck et al. GGG, 2006	10.1029/2005GC001035
348	-	44	155	0	0	0	Iron from dust sample	Iron	Buck et al. GGG, 2006	10.1029/2005GC001036
349	-	44.38	155.73	0	0	0	Iron from dust sample	Iron	Buck et al. GGG, 2006	10.1029/2003JD003958
350	-	46.02	158.89	0	0	0	Iron from dust sample	Iron	Buck et al. GGG, 2006	10.1029/2003JD003959
351	-	47.16	161.16	0	0	0	Iron from dust sample	Iron	Buck et al. GGG, 2006	10.1029/2003JD003960
352	-	48.85	164.59	0	0	0	Iron from dust sample	Iron	Buck et al. GGG, 2006	10.1029/2003JD003961
353	-	50	167	0	0	0	Iron from dust sample	Iron	Buck et al. GGG, 2006	10.1029/2003JD003962
354	-	50	167.76	0	0	0	Iron from dust sample	Iron	Buck et al. GGG, 2006	10.1029/2003JD003963
355	-	49.76	170.58	0	0	0	Iron from dust sample	Iron	Buck et al. GGG, 2006	10.1029/2003JD003964
356	-	46.94	170.58	0	0	0	Iron from dust sample	Iron	Buck et al. GGG, 2006	10.1029/2003JD003965
357	-	44.9	170.58	0	0	0	Iron from dust sample	Iron	Buck et al. GGG, 2006	10.1029/2003JD003966
358	-	41.88	170.58	0	0	0	Iron from dust sample	Iron	Buck et al. GGG, 2006	10.1029/2003JD003967
359	-	39.85	170.58	0	0	0	Iron from dust sample	Iron	Buck et al. GGG, 2006	10.1029/2003JD003968
360	-	39.29	170.57	0	0	0	Iron from dust sample	Iron	Buck et al. GGG, 2006	10.1029/2003JD003969
361	-	37.31	170.58	0	0	0	Iron from dust sample	Iron	Buck et al. GGG, 2006	10.1029/2003JD003970
362	-	34.33	170.58	0	0	0	Iron from dust sample	Iron	Buck et al. GGG, 2006	10.1029/2003JD003971
363	-	33.77	170.57	0	0	0	Iron from dust sample	Iron	Buck et al. GGG, 2006	10.1029/2003JD003972
364	-	31.37	170.58	0	0	0	Iron from dust sample	Iron	Buck et al. GGG, 2006	10.1029/2003JD003973
365	-	30.5	170.58	0	0	0	Iron from dust sample	Iron	Buck et al. GGG, 2006	10.1029/2003JD003974
366	-	28.47	170.5	0	0	0	Iron from dust sample	Iron	Buck et al. GGG, 2006	10.1029/2003JD003975
367	-	26.59	170.42	0	0	0	Iron from dust sample	Iron	Buck et al. GGG, 2006	10.1029/2003JD003976
368	-	24.25	170.33	0	0	0	Iron from dust sample	Iron	Buck et al. GGG, 2006	10.1029/2003JD003977
369	-	24.25	170.33	0	0	0	Iron from dust sample	Iron	Buck et al. GGG, 2006	10.1029/2003JD003978
370	-	24.27	170.42	0	0	0	Iron from dust sample	Iron	Buck et al. GGG, 2006	10.1029/2003JD003979
371	-	24.7	172.47	0	0	0	Iron from dust sample	Iron	Buck et al. GGG, 2006	10.1029/2003JD003980
372	-	25.33	175.45	0	0	0	Iron from dust sample	Iron	Buck et al. GGG, 2006	10.1029/2003JD003981
373	-	25.78	177.62	0	0	0	Iron from dust sample	Iron	Buck et al. GGG, 2006	10.1029/2003JD003982
374	-	26.44	-179.19	0	0	0	Iron from dust sample	Iron	Buck et al. GGG, 2006	10.1029/2003JD003983
375	-	26.92	-176.89	0	0	0	Iron from dust sample	Iron	Buck et al. GGG, 2006	10.1029/2003JD003984
376	-	26.06	-175.1	0	0	0	Iron from dust sample	Iron	Buck et al. GGG, 2006	10.1029/2003JD003985
377	-	26	-175	0	0	0	Iron from dust sample	Iron	Buck et al. GGG, 2006	10.1029/2003JD003986
378	-	25.6	-172.24	0	0	0	Iron from dust sample	Iron	Buck et al. GGG, 2006	10.1029/2003JD003987
379	-	25.19	-170.12	0	0	0	Iron from dust sample	Iron	Buck et al. GGG, 2006	10.1029/2003JD003988
380	-	24.76	-167.55	0	0	0	Iron from dust sample	Iron	Buck et al. GGG, 2006	10.1029/2003JD003989
381	-	24.07	-165.54	0	0	0	Iron from dust sample	Iron	Buck et al. GGG, 2006	10.1029/2003JD003990
382	-	23.13	-162.98	0	0	0	Iron from dust sample	Iron	Buck et al. GGG, 2006	10.1029/2003JD003991
383	-	22.48	-160.88	0	0	0	Iron from dust sample	Iron	Buck et al. GGG, 2006	10.1029/2003JD003992
384	-	22.74	-158.03	0	0	0	Iron from dust sample	Iron	Buck et al. GGG, 2006	10.1029/2003JD003993
385	-	22.75	-158	0	0	0	Iron from dust sample	Iron	Buck et al. GGG, 2006	10.1029/2003JD003994
386	-	22.87	-157.76	0	0	0	Iron from dust sample	Iron	Buck et al. GGG, 2006	10.1029/2003JD003995
387	-	23.74	-155.96	0	0	0	Iron from dust sample	Iron	Buck et al. GGG, 2006	10.1029/2003JD003996
388	-	24.95	-153.44	0	0	0	Iron from dust sample	Iron	Buck et al. GGG, 2006	10.1029/2003JD003997
389	-	25.92	-151.39	0	0	0	Iron from dust sample	Iron	Buck et al. GGG, 2006	10.1029/2003JD003998
390	-	27.99	-150.15	0	0	0	Iron from dust sample	Iron	Buck et al. GGG, 2006	10.1029/2003JD003999
391	-	28.84	-150.45	0	0	0	Iron from dust sample	Iron	Buck et al. GGG, 2006	10.1029/2003JD004000
392	-	26.49	-152.17	0	0	0	Iron from dust sample	Iron	Buck et al. GGG, 2006	10.1029/2003JD004001
393	-	21.5	-160	0	0	0	Iron from dust sample	Iron	Chen and Siefert,2004, data from Mahowald,2009	10.1029/2003JD004002
394	-	22.2	-162	0	0	0	Iron from dust sample	Iron	Chen and Siefert,2004, data from Mahowald,2009	10.1029/2003JD004003
395	-	23.3	-168	0	0	0	Iron from dust sample	Iron	Chen and Siefert,2004, data from Mahowald,2009	10.1029/2003JD004004
396	-	24.4	-172	0	0	0	Iron from dust sample	Iron	Chen and Siefert,2004, data from Mahowald,2009	10.1029/2003JD004005
397	-	26.1	-175	0	0	0	Iron from dust sample	Iron	Chen and Siefert,2004, data from Mahowald,2009	10.1029/2003JD004006
398	-	26.8	179	0	0	0	Iron from dust sample	Iron	Chen and Siefert,2004, data from Mahowald,2009	10.1029/2003JD004007
399	-	27.3	175	0	0	0	Iron from dust sample	Iron	Chen and Siefert,2004, data from Mahowald,2009	10.1029/2003JD004008
400	-	27.6	170	0	0	0	Iron from dust sample	Iron	Chen and Siefert,2004, data from Mahowald,2009	10.1029/2003JD004009
401	-	27.6	170	0	0	0	Iron from dust sample	Iron	Chen and Siefert,2004, data from Mahowald,2009	10.1029/2003JD004010
402	-	27.4	173	0	0	0	Iron from dust sample	Iron	Chen and Siefert,2004, data from Mahowald,2009	10.1029/2003JD004011
403	-	26.7	178	0	0	0	Iron from dust sample	Iron	Chen and Siefert,2004, data from Mahowald,2009	10.1029/2003JD004012
404	-	26	-175	0	0	0	Iron from dust sample	Iron	Chen and Siefert,2004, data from Mahowald,2009	10.1029/2003JD004013
405	-	25.6	-174	0	0	0	Iron from dust sample	Iron	Chen and Siefert,2004, data from Mahowald,2009	10.1029/2003JD004014
406	-	24.8	-171	0	0	0	Iron from dust sample	Iron	Chen and Siefert,2004, data from Mahowald,2009	10.1029/2003JD004015
407	-	24.2	-166	0	0	0	Iron from dust sample	Iron	Chen and Siefert,2004, data from Mahowald,2009	10.1029/2003JD004016
408	-	22.5	-158	0	0	0	Iron from dust sample	Iron	Chen and Siefert,2004, data from Mahowald,2009	10.1029/2003JD004017
409	-	22.8	-158	0	0	0	Iron from dust sample	Iron	Chen and Siefert,2004, data from Mahowald,2009	10.1029/2003JD004018
410	-	22.8	-158	0	0	0	Iron from dust sample	Iron	Chen and Siefert,2004, data from Mahowald,2009	10.1029/2003JD004019
411	-	23.5	-162	0	0	0	Iron from dust sample	Iron	Chen and Siefert,2004, data from Mahowald,2009	10.1029/2003JD004020
412	-	24	-165	0	0	0	Iron from dust sample	Iron	Chen and Siefert,2004, data from Mahowald,2009	10.1029/2003JD004021
413	-	24.5	-167	0	0	0	Iron from dust sample	Iron	Chen and Siefert,2004, data from Mahowald,2009	
414	-	24.9	-170	0	0	0	Iron from dust sample	Iron	Chen and Siefert,2004, data from Mahowald,2009	
415	-	26.1	-175	0	0	0	Iron from dust sample	Iron	Chen and Siefert,2004, data from Mahowald,2009	
416	-	26	-175	0	0	0	Iron from dust sample	Iron	Chen and Siefert,2004, data from Mahowald,2009	
417	-	26	-175	0	0	0	Iron from dust sample	Iron	Chen and Siefert,2004, data from Mahowald,2009	
418	-	26	-175	0	0	0	Iron from dust sample	Iron	Chen and Siefert,2004, data from Mahowald,2009	
419	-	26	-175	0	0	0	Iron from dust sample	Iron	Chen and Siefert,2004, data from Mahowald,2009	
420	-	24.7	-170	0	0	0	Iron from dust sample	Iron	Chen and Siefert,2004, data from Mahowald,2009	
421	-	23.6	-167	0	0	0	Iron from dust sample	Iron	Chen and Siefert,2004, data from Mahowald,2009	
422	-	22.9	-164	0	0	0	Iron from dust sample	Iron	Chen and Siefert,2004, data from Mahowald,2009	
423	-	22.8	-160	0	0	0	Iron from dust sample	Iron	Chen and Siefert,2004, data from Mahowald,2009	
424	-	22.5	-157	0	0	0	Iron from dust sample	Iron	Chen and Siefert,2004, data from Mahowald,2009	
425	-	23.5	-157	0	0	0	Iron from dust sample	Iron	Chen and Siefert,2004, data from Mahowald,2009	
426	-	23.5	-157	0	0	0	Iron from dust sample	Iron	Chen and Siefert,2004, data from Mahowald,2009	
427	-	24.2	-156	0	0	0	Iron from dust sample	Iron	Chen and Siefert,2004, data from Mahowald,2009	
428	-	24.2	-155	0	0	0	Iron from dust sample	Iron	Chen and Siefert,2004, data from Mahowald,2009	
429	-	23.7	-156	0	0	0	Iron from dust sample	Iron	Chen and Siefert,2004, data from Mahowald,2009	
430	-	23.3	-159	0	0	0	Iron from dust sample	Iron	Chen and Siefert,2004, data from Mahowald,2009	
431	-	23.8	-159	0	0	0	Iron from dust sample	Iron	Chen and Siefert,2004, data from Mahowald,2009	
432	-	22.5	-159	0	0	0	Iron from dust sample	Iron	Chen and Siefert,2004, data from Mahowald,2009	
433	-	19.7	-156	0	0	0	Iron from dust sample	Iron	Chen and Siefert,2004, data from Mahowald,2009	
434	-	19.4	-156	0	0	0	Iron from dust sample	Iron	Chen and Siefert,2004, data from Mahowald,2009	
435	-	19.8	-155	0	0	0	Iron from dust sample	Iron	Chen and Siefert,2004, data from Mahowald,2009	
436	-	20.3	-156	0	0	0	Iron from dust sample	Iron	Chen and Siefert,2004, data from Mahowald,2009	
437	-	20.1	-156	0	0	0	Iron from dust sample	Iron	Chen and Siefert,2004, data from Mahowald,2009	
438	-	20.9	-156	0	0	0	Iron from dust sample	Iron	Chen and Siefert,2004, data from Mahowald,2009	
439	-	23.2	-158	0	0	0	Iron from dust sample	Iron	Chen and Siefert,2004, data from Mahowald,2009	
440	-	21.6	-158	0	0	0	Iron from dust sample	Iron	Chen and Siefert,2004, data from Mahowald,2009	
441	-	20.2	-157	0	0	0	Iron from dust sample	Iron	Chen and Siefert,2004, data from Mahowald,2009	
442	-	19.7	-157	0	0	0	Iron from dust sample	Iron	Chen and Siefert,2004, data from Mahowald,2009	
443	-	18.5	-157	0	0	0	Iron from dust sample	Iron	Chen and Siefert,2004, data from Mahowald,2009	
444	-	18.7	-156	0	0	0	Iron from dust sample	Iron	Chen and Siefert,2004, data from Mahowald,2009	
445	-	19.2	-156	0	0	0	Iron from dust sample	Iron	Chen and Siefert,2004, data from Mahowald,2009	
446	-	19.5	-157	0	0	0	Iron from dust sample	Iron	Chen and Siefert,2004, data from Mahowald,2009	
447	-	19.5	-158	0	0	0	Iron from dust sample	Iron	Chen and Siefert,2004, data from Mahowald,2009	
448	-	19.5	-159	0	0	0	Iron from dust sample	Iron	Chen and Siefert,2004, data from Mahowald,2009	
449	-	20	-160	0	0	0	Iron from dust sample	Iron	Chen and Siefert,2004, data from Mahowald,2009	
450	-	20.8	-160	0	0	0	Iron from dust sample	Iron	Chen and Siefert,2004, data from Mahowald,2009	
451	-	21	-159	0	0	0	Iron from dust sample	Iron	Chen and Siefert,2004, data from Mahowald,2009	
452	-	20.6	-158	0	0	0	Iron from dust sample	Iron	Chen and Siefert,2004, data from Mahowald,2009	
453	-	20.3	-158	0	0	0	Iron from dust sample	Iron	Chen and Siefert,2004, data from Mahowald,2009	
454	-	19.7	-161	0	0	0	Iron from dust sample	Iron	Chen and Siefert,2004, data from Mahowald,2009	
455	-	19.1	-162	0	0	0	Iron from dust sample	Iron	Chen and Siefert,2004, data from Mahowald,2009	
456	-	19.8	-162	0	0	0	Iron from dust sample	Iron	Chen and Siefert,2004, data from Mahowald,2009	
457	-	-30.9	32.3	0	0	0	Iron from dust sample	Iron	Witt et al. (2006) Atm. Environ. 409, 5435-5451.	
458	-	-30.5	30.9	0	0	0	Iron from dust sample	Iron	Witt et al. (2006) Atm. Environ. 409, 5435-5451.	
459	-	-33	39.9	0	0	0	Iron from dust sample	Iron	Witt et al. (2006) Atm. Environ. 409, 5435-5451.	
460	-	-33.1	44.6	0	0	0	Iron from dust sample	Iron	Witt et al. (2006) Atm. Environ. 409, 5435-5451.	
461	-	-33.8	52.8	0	0	0	Iron from dust sample	Iron	Witt et al. (2006) Atm. Environ. 409, 5435-5451.	
462	-	-34	63.7	0	0	0	Iron from dust sample	Iron	Witt et al. (2006) Atm. Environ. 409, 5435-5451.	
463	-	-32.4	75.3	0	0	0	Iron from dust sample	Iron	Witt et al. (2006) Atm. Environ. 409, 5435-5451.	
464	-	-30.8	78.5	0	0	0	Iron from dust sample	Iron	Witt et al. (2006) Atm. Environ. 409, 5435-5451.	
465	-	-31.5	87	0	0	0	Iron from dust sample	Iron	Witt et al. (2006) Atm. Environ. 409, 5435-5451.	
466	-	-32.5	91.1	0	0	0	Iron from dust sample	Iron	Witt et al. (2006) Atm. Environ. 409, 5435-5451.	
467	-	-34.2	99.5	0	0	0	Iron from dust sample	Iron	Witt et al. (2006) Atm. Environ. 409, 5435-5451.	
468	-	-32.8	106	0	0	0	Iron from dust sample	Iron	Witt et al. (2006) Atm. Environ. 409, 5435-5451.	
469	-	-32	110.6	0	0	0	Iron from dust sample	Iron	Witt et al. (2006) Atm. Environ. 409, 5435-5451.	
470	-	-9.6725	57.25833333	0	0	0	Iron from dust sample	Iron	Witt et al, 2010	
471	-	-12.47416667	60.29083333	0	0	0	Iron from dust sample	Iron	Witt et al, 2010	
472	-	-14.585	63.51666667	0	0	0	Iron from dust sample	Iron	Witt et al, 2010	
473	-	-16.07416667	65.7125	0	0	0	Iron from dust sample	Iron	Witt et al, 2010	
474	-	-19.16166667	65.78166667	0	0	0	Iron from dust sample	Iron	Witt et al, 2010	
475	-	-18.85583333	64.25	0	0	0	Iron from dust sample	Iron	Witt et al, 2010	
476	-	-19.9075	63.24083333	0	0	0	Iron from dust sample	Iron	Witt et al, 2010	
477	-	-49	144	0	0	0	Iron from dust sample	Iron	Bowie,2009	
478	-	-12.8	-145.9	0	0	0	Iron from dust sample	Iron	Wagener et al., 2008	
479	-	-9.6	-139.5	0	0	0	Iron from dust sample	Iron	Wagener et al., 2008	
480	-	-29.6	-100.2	0	0	0	Iron from dust sample	Iron	Wagener et al., 2008	
481	-	-32.8	-83	0	0	0	Iron from dust sample	Iron	Wagener et al., 2008	
482	-	-0.5	109.3	0	0	0	Iron from dust sample	Iron	Maenhaut,2002	
483	-	-0.3	100.3	0	0	0	Iron from dust sample	Iron	Maenhaut,2002	
484	-	-12.7	132.9	0	0	0	Iron from dust sample	Iron	Maenhaut,2000	
485	-	-16	29.5	0	0	0	Iron from dust sample	Iron	Maenhaut,2000	
486	-	-33.9	150.9	0	0	0	Iron from dust sample	Iron	Cohen,unpublished, from Mahowald,2009	
487	-	-57.2	-67.1	0	0	0	Iron from dust sample	Iron	Maenhaut, unpublished, from Mahowald, 2009	
488	-	-55.7	-63.4	0	0	0	Iron from dust sample	Iron	Maenhaut, unpublished, from Mahowald, 2009	
489	-	-57.5	-54.9	0	0	0	Iron from dust sample	Iron	Maenhaut, unpublished, from Mahowald, 2009	
490	-	-61.1	-27.7	0	0	0	Iron from dust sample	Iron	Maenhaut, unpublished, from Mahowald, 2009	
491	-	-58.2	-20.3	0	0	0	Iron from dust sample	Iron	Maenhaut, unpublished, from Mahowald, 2009	
492	-	-57.7	-15.7	0	0	0	Iron from dust sample	Iron	Maenhaut, unpublished, from Mahowald, 2009	
493	-	-57.3	-9.8	0	0	0	Iron from dust sample	Iron	Maenhaut, unpublished, from Mahowald, 2009	
494	-	-57.7	-3.5	0	0	0	Iron from dust sample	Iron	Maenhaut, unpublished, from Mahowald, 2009	
495	-	-56.7	0.2	0	0	0	Iron from dust sample	Iron	Maenhaut, unpublished, from Mahowald, 2009	
496	-	-54.2	1.7	0	0	0	Iron from dust sample	Iron	Maenhaut, unpublished, from Mahowald, 2009	
497	-	-51.7	3.2	0	0	0	Iron from dust sample	Iron	Maenhaut, unpublished, from Mahowald, 2009	
498	-	-48.8	4.8	0	0	0	Iron from dust sample	Iron	Maenhaut, unpublished, from Mahowald, 2009	
499	-	-46.3	7	0	0	0	Iron from dust sample	Iron	Maenhaut, unpublished, from Mahowald, 2009	
500	-	-43.6	9.7	0	0	0	Iron from dust sample	Iron	Maenhaut, unpublished, from Mahowald, 2009	
501	-	-40.4	10.7	0	0	0	Iron from dust sample	Iron	Maenhaut, unpublished, from Mahowald, 2009	
502	-	-38.3	12.6	0	0	0	Iron from dust sample	Iron	Maenhaut, unpublished, from Mahowald, 2009	
503	-	-36.8	15.2	0	0	0	Iron from dust sample	Iron	Maenhaut, unpublished, from Mahowald, 2009	
504	-	25.08	123.2	0	0	0	Iron from dust sample	Iron	Hsu et al., 2010	
505	-	26.08333333	119.3	0	0	0	Iron from dust sample	Iron	Xu et al., 2012	
506	-	26.08333333	119.3	0	0	0	Iron from dust sample	Iron	Xu et al., 2012	
507	-	26.08333333	119.3	0	0	0	Iron from dust sample	Iron	Xu et al., 2012	
508	-	26.08333333	119.3	0	0	0	Iron from dust sample	Iron	Xu et al., 2012	
509	-	31.2	121.4	0	0	0	Iron from dust sample	Iron	Ye et al., 2003	
510	-	30.2	120.1	0	0	0	Iron from dust sample	Iron	Cao et al., 2009	
511	-	39.9	116.4	0	0	0	Iron from dust sample	Iron	Okuda T, Kato J, Mori J, et al. Daily concentrations of trace metals in aerosols in Beijing, China, determined by using inductively coupled plasma mass spectrometry equipped with laser ablation analysis, and source identification of aerosols[J]. Science of the Total Environment, 2004, 330(1): 145-158.	
512	-	39.9	116.4	0	0	0	Iron from dust sample	Iron	Sun et al., 2004	
513	-	39.9	116.4	0	0	0	Iron from dust sample	Iron	Sun et al., 2004	
514	-	25.96666667	117.3583333	0	0	0	Iron from dust sample	Iron	Yin et al., 2012	
515	-	25.96666667	117.3583333	0	0	0	Iron from dust sample	Iron	Yin et al., 2012	
516	-	25.96666667	117.3583333	0	0	0	Iron from dust sample	Iron	Yin et al., 2012	
517	-	30.66	104	0	0	0	Iron from dust sample	Iron	Tao et al.,2013	
518	-	30.66	104	0	0	0	Iron from dust sample	Iron	Tao et al.,2013	
519	-	36.66666667	117.0333333	0	0	0	Iron from dust sample	Iron	Yang et al., 2012	
520	-	36.66666667	117.0333333	0	0	0	Iron from dust sample	Iron	Yang et al., 2012	
521	-	36.66666667	117.0333333	0	0	0	Iron from dust sample	Iron	Yang et al., 2012	
522	-	36.66666667	117.0333333	0	0	0	Iron from dust sample	Iron	Yang et al., 2012	
523	-	27.41666667	100.1333333	0	0	0	Iron from dust sample	Iron	Zhang N, Cao J, Ho K, et al. Chemical characterization of aerosol collected at Mt. Yulong in wintertime on the southeastern Tibetan Plateau[J]. Atmospheric Research, 2012, 107: 76-85.	
524	-	39.8	116.4666667	0	0	0	Iron from dust sample	Iron	Yang et al., 2005	
525	-	31.23333333	121.3166667	0	0	0	Iron from dust sample	Iron	Yang et al., 2005	
526	-	34.8	113.5166667	0	0	0	Iron from dust sample	Iron	Geng et al., 2013	
527	-	34.8	113.5166667	0	0	0	Iron from dust sample	Iron	Geng et al., 2013	
528	-	34.8	113.5166667	0	0	0	Iron from dust sample	Iron	Geng et al., 2013	
529	-	34.8	113.5166667	0	0	0	Iron from dust sample	Iron	Geng et al., 2013	
530	-	27.41666667	100.1333333	0	0	0	Iron from dust sample	Iron	Zhang N, Cao J, Xu H, et al. Elemental compositions of PM< sub> 2.5</sub> and TSP in Lijiang, southeastern edge of Tibetan Plateau during pre-monsoon period[J]. Particuology, 2013, 11(1): 63-69.	
531	-	22.3	114.2	0	0	0	Iron from dust sample	Iron	Cohen,2004	
532	-	33.28333333	126.1666667	0	0	0	Iron from dust sample	Iron	Kim et al., 2013	
533	-	33.28333333	126.1666667	0	0	0	Iron from dust sample	Iron	Kim et al., 2013	
534	-	33.28333333	126.1666667	0	0	0	Iron from dust sample	Iron	Kim et al., 2013	
535	-	33.28333333	126.1666667	0	0	0	Iron from dust sample	Iron	Kim et al., 2013	
536	-	-2	-60	0	0	0	Iron from dust sample	Iron	Artaxo,2002	
537	-	-2	-55	0	0	0	Iron from dust sample	Iron	Artaxo,2002	
538	-	-10	-57	0	0	0	Iron from dust sample	Iron	Maenhaut,2002	
539	-	-11	-62	0	0	0	Iron from dust sample	Iron	Fuzzi,2007	
540	-	64.9	-148.33	0	0	0	Iron from dust sample	Iron	Anguilar-Islas,Marine Chem., 2010	
541	-	37.57	-122.473	0	0	0	Iron from dust sample	Iron	Anguilar-Islas,Marine Chem., 2010	
542	-	57.4	-154.5	0	0	0	Iron from dust sample	Iron	Anguilar-Islas,Marine Chem., 2010	
543	-	40.1	-88.4	0	0	0	Iron from dust sample	Iron	Malm et al, Atmos. Environ., 2007	
544	-	43	-109.8	0	0	0	Iron from dust sample	Iron	Malm et al, Atmos. Environ., 2007	
545	-	39.5	-74.4	0	0	0	Iron from dust sample	Iron	Malm et al, Atmos. Environ., 2007	
546	-	35.6	-83.9	0	0	0	Iron from dust sample	Iron	Malm et al, Atmos. Environ., 2007	
547	-	36	-112	0	0	0	Iron from dust sample	Iron	Malm et al, Atmos. Environ., 2007	
548	-	46.8	-122.1	0	0	0	Iron from dust sample	Iron	Malm et al, Atmos. Environ., 2007	
549	-	34.2	-116.9	0	0	0	Iron from dust sample	Iron	Malm et al, Atmos. Environ., 2007	
550	-	36.5	-118.8	0	0	0	Iron from dust sample	Iron	Malm et al, Atmos. Environ., 2007	
551	-	35.8	-93.2	0	0	0	Iron from dust sample	Iron	Malm et al, Atmos. Environ., 2007	
552	-	38	6	0	0	0	Iron from dust sample	Iron	Herut,unpublished, from Mahowald,2009	
553	-	38.8	10.6	0	0	0	Iron from dust sample	Iron	Herut,unpublished, from Mahowald,2009	
554	-	37.6	11.5	0	0	0	Iron from dust sample	Iron	Herut,unpublished, from Mahowald,2009	
555	-	35.2	21.5	0	0	0	Iron from dust sample	Iron	Herut,unpublished, from Mahowald,2009	
556	-	34.7	24.3	0	0	0	Iron from dust sample	Iron	Herut,unpublished, from Mahowald,2009	
557	-	34.6	25.6	0	0	0	Iron from dust sample	Iron	Herut,unpublished, from Mahowald,2009	
558	-	35	26.5	0	0	0	Iron from dust sample	Iron	Herut,unpublished, from Mahowald,2009	
559	-	33.9	30.5	0	0	0	Iron from dust sample	Iron	Herut,unpublished, from Mahowald,2009	
560	-	34	34.2	0	0	0	Iron from dust sample	Iron	Herut,unpublished, from Mahowald,2009	
561	-	33.5	33	0	0	0	Iron from dust sample	Iron	Herut,unpublished, from Mahowald,2009	
562	-	33.5	31.8	0	0	0	Iron from dust sample	Iron	Herut,unpublished, from Mahowald,2009	
563	-	33.1	23	0	0	0	Iron from dust sample	Iron	Herut,unpublished, from Mahowald,2009	
564	-	33.6	32.5	0	0	0	Iron from dust sample	Iron	Herut,unpublished, from Mahowald,2009	
565	-	33.3	32.3	0	0	0	Iron from dust sample	Iron	Herut,unpublished, from Mahowald,2009	
566	-	33.4	32.3	0	0	0	Iron from dust sample	Iron	Herut,unpublished, from Mahowald,2009	
567	-	33.3	32.3	0	0	0	Iron from dust sample	Iron	Herut,unpublished, from Mahowald,2009	
568	-	33.2	32.4	0	0	0	Iron from dust sample	Iron	Herut,unpublished, from Mahowald,2009	
569	-	33.3	32.3	0	0	0	Iron from dust sample	Iron	Herut,unpublished, from Mahowald,2009	
570	-	33.3	32.3	0	0	0	Iron from dust sample	Iron	Herut,unpublished, from Mahowald,2009	
571	-	33.3	32.4	0	0	0	Iron from dust sample	Iron	Herut,unpublished, from Mahowald,2009	
572	-	36.5	34.3	0	0	0	Iron from dust sample	Iron	Markaki,2003	
573	-	36.5	34.3	0	0	0	Iron from dust sample	Iron	Kocak et al.,2005	
574	-	32.8	35	0	0	0	Iron from dust sample	Iron	Kocak et al.,2005	
575	-	170.6	-69.52	0	0	0	Iron from dust sample	Iron	Edwards,2001	
576	-	-170.67	-75	0	0	0	Iron from dust sample	Iron	Edwards,2001	
577	-	-175.52	-76.45	0	0	0	Iron from dust sample	Iron	Edwards,2001	
578	-	140.33	-64.6	0	0	0	Iron from dust sample	Iron	Edwards,2001	
579	-	141.07	-64.88	0	0	0	Iron from dust sample	Iron	Edwards,2001	
580	-	141.45	-64.97	0	0	0	Iron from dust sample	Iron	Edwards,2001	
581	-	141.25	-64.93	0	0	0	Iron from dust sample	Iron	Edwards,2001	
582	-	74.98	-65.57	0	0	0	Iron from dust sample	Iron	Edwards,2001	
583	-	75	-64.9	0	0	0	Iron from dust sample	Iron	Edwards,2001	
584	-	75.32	-66.12	0	0	0	Iron from dust sample	Iron	Edwards,2001	
585	-	75.72	-66.3	0	0	0	Iron from dust sample	Iron	Edwards,2001	
586	-	76.9	-70.57	0	0	0	Iron from dust sample	Iron	Edwards,2001	
587	-	76.52	-73.43	0	0	0	Iron from dust sample	Iron	Edwards,2001	
588	-	74.52	-74.9	0	0	0	Iron from dust sample	Iron	Edwards,2001	
589	-	71.5	-75.85	0	0	0	Iron from dust sample	Iron	Edwards,2001	
590	-	112.8	-66.77	0	0	0	Iron from dust sample	Iron	Edwards,2006	
591	-	34.92	29.52	0	0	0	Iron from dust sample	Iron	Chase,2005	
592	-	141.3	43.1	0	0	0	Iron from dust sample	Iron	Uematsu,2003	
593	-	24.8	35.2	0	0	0	Iron from dust sample	Iron	Nihlen,1995	
594	-	4.8	43.5	0	0	0	Iron from dust sample	Iron	Guieu,1991	
595	-	7.3	43.6	0	0	0	Iron from dust sample	Iron	Chester,1990	
596	-	-20.25	18.6	0	0	0	Iron from dust sample	Iron	Sarthou,2003	
597	-	-19.15	13.25	0	0	0	Iron from dust sample	Iron	Sarthou,2003	
598	-	-16.95	14.5	0	0	0	Iron from dust sample	Iron	Sarthou,2003	
599	-	-13.4	3.65	0	0	0	Iron from dust sample	Iron	Sarthou,2003	
600	-	-9.9	-0.7	0	0	0	Iron from dust sample	Iron	Sarthou,2003	
601	-	-6.55	-4.9	0	0	0	Iron from dust sample	Iron	Sarthou,2003	
602	-	-3.1	-9.15	0	0	0	Iron from dust sample	Iron	Sarthou,2003	
603	-	0.5	-13.55	0	0	0	Iron from dust sample	Iron	Sarthou,2003	
604	-	3.9	-17.7	0	0	0	Iron from dust sample	Iron	Sarthou,2003	
